,Df,F value,Pr(>F)
group,2,3.17717391304348,0.0532877925764863
 ,37,NA,NA
