,Df,F value,Pr(>F)
group,2,0.756411299722159,0.476467119241563
 ,37,NA,NA
