,Df,F value,Pr(>F)
group,2,1.38857428704294,0.262125587355432
 ,37,NA,NA
