,Diameter,Height,No.Leaves
W.value,0.949496029691926,0.929524048492536,0.911034697660561
P.value,0.0728629547014454,0.0155404819861987,0.00406869679152482
