,Df,Sum Sq,Mean Sq,F value,Pr(>F)
TREATMENT  ,2,0.397809404761906,0.198904702380953,0.223213983573333,0.801012993355122
Residuals  ,37,32.9704880952381,0.891094272844273,NA,NA
