,Df,Sum Sq,Mean Sq,F value,Pr(>F)
TREATMENT  ,2,198.1677262,99.0838631,1.795180322,0.180263608
Residuals  ,37,2042.192024,55.19437902,NA,NA
Total,39,2240.35975,154.2782421,,
,,,,,
