,Df,F value,Pr(>F)
group,2,3.31560652833785,0.0470709765033761
 ,38,NA,NA
