,Df,Sum Sq,Mean Sq,F value,Pr(>F)
TRT        ,2,48.8673896944519,24.4336948472259,19.0322436534748,1.87685806463795e-06
Residuals  ,38,48.7846005494506,1.28380527761712,NA,NA
