,HEIGHT,groups
T2,33.2083333333333,a
T1,26.3636363636364,a
TN,25,a
