,Df,F value,Pr(>F)
group,2,0.684939488595093,0.512368287192362
 ,28,NA,NA
