,Df,F value,Pr(>F)
group,2,0.290694429367291,0.749973360271905
 ,28,NA,NA
