,Df,F value,Pr(>F)
group,2,1.07674331260694,0.354394462579441
 ,28,NA,NA
