,Diameter,Height,No.Leaves
W.value,0.983029248760131,0.951961641496034,0.949085809366145
P.value,0.890313438761401,0.176793822576631,0.147292091611842
