,Df,Sum Sq,Mean Sq,F value,Pr(>F)
TREATMENT  ,2,2.52981427174977,1.26490713587488,0.458702587734848,0.636769065208574
Residuals  ,28,77.2121212121212,2.75757575757576,NA,NA
