,Df,Sum Sq,Mean Sq,F value,Pr(>F)
TREATMENT  ,2,11.5539673387097,5.77698366935484,5.07201243398274,0.0131898908824037
Residuals  ,28,31.8917875,1.13899241071429,NA,NA
