,Df,Sum Sq,Mean Sq,F value,Pr(>F)
TREATMENT  ,2,413.418927174975,206.709463587488,3.11129599600643,0.0602326325189247
Residuals  ,28,1860.27462121212,66.4383793290043,NA,NA
