,THT.density,THT.trees.ha
1 - 5,0,0
5 - 10,5,3.33333333333333
10 - 15,30,20
15 - 20,92,61.3333333333333
20 - 25,5,3.33333333333333
25>,0,0
Total,132,88
