,Df,F value,Pr(>F)
group,2,1.17966438142151,0.318385717509076
 ,38,NA,NA
