,Df,F value,Pr(>F)
group,2,1.30031405337541,0.284292918252324
 ,38,NA,NA
