,Df,Sum.Sq,Mean.Sq,F.value,Pr..F.
TRT        ,2,110.218181975342,55.1090909876708,1.69662196067104,0.196892214959505
Residuals  ,38,1234.30293021978,32.4816560584153,NA,NA
