,DBH,Trees.ha,AGB.tons.ha,AGC.tons.ha
1 - 10,0,0,0,0
10 - 20,0,0,0,0
20 - 30,9,6,1,0.5
30 - 40,35,23.3333333333333,8.3,3.9
40 - 50,33,22,13.6,6.4
50 >,50,33.3333333333333,54.3,25.5
Total,127,84.6666666666667,77.2,36.3
