,HEIGHT,groups
T1,37.4230769230769,a
T2,34.0833333333333,ab
TN,27.2222222222222,b
