,NO.LEAVES,groups
T1,8.38461538461539,a
T2,8.16666666666667,a
TN,6.44444444444444,a
