,DIAMETER,groups
T1,4.38769230769231,a
T2,4.1625,a
TN,3.41111111111111,b
