,Df,F value,Pr(>F)
group,2,0.0153548270893371,0.984769941910938
 ,31,NA,NA
