,Df,F value,Pr(>F)
group,2,2.46761602204963,0.10128362209799
 ,31,NA,NA
