,Df,F value,Pr(>F)
group,2,0.382589713815889,0.685268715941612
 ,31,NA,NA
