,Diameter,Height,No.Leaves
W.value,0.97024623012408,0.950389521113969,0.960263547583528
P.value,0.468295127848005,0.126133532417278,0.247490060364949
