,Df,Sum Sq,Mean Sq,F value,Pr(>F)
TREATMENT  ,2,22.5930115635998,11.2965057817999,2.94363290973406,0.0675337772548571
Residuals  ,31,118.965811965812,3.83760683760684,NA,NA
