,Df,Sum Sq,Mean Sq,F value,Pr(>F)
TREATMENT  ,2,558.788524384112,279.394262192056,4.66184619334481,0.0169793754869629
Residuals  ,31,1857.8952991453,59.9321064240419,NA,NA
