,Df,Sum Sq,Mean Sq,F value,Pr(>F)
TREATMENT  ,2,5.30795240070388,2.65397620035194,8.77268486178731,0.000956786749793842
Residuals  ,31,9.37834465811965,0.302527247036118,NA,NA
