,Df,Sum Sq,Mean Sq,F value,Pr(>F)
TREATMENT  ,3,29.8045995353038,9.93486651176793,2.27247599857793,0.0905107101789374
Residuals  ,54,236.078529309524,4.37182461684303,NA,NA
