,Df,Sum Sq,Mean Sq,F value,Pr(>F)
TREATMENT  ,3,36.8947454844007,12.2982484948002,4.97386276012106,0.0040424757660032
Residuals  ,54,133.519047619048,2.47257495590829,NA,NA
