,DIAMETER,groups
T3,9.07835714285714,a
TN,7.78533333333333,a
T2,7.39142857142857,a
T1,7.23466666666667,a
