,HEIGHT,groups
T3,14.0714285714286,a
T1,12.4666666666667,b
T2,12.2857142857143,b
TN,12,b
