,NO.LEAVES,groups
T3,58.3785714285714,a
T2,48.5714285714286,b
T1,45.5333333333333,b
TN,43.4,b
