"","Df","F value","Pr(>F)"
"group",3,1.39456871387311,0.254388720704506
" ",54,NA,NA
