"","Df","F value","Pr(>F)"
"group",3,1.86951910391391,0.145703665543171
" ",54,NA,NA
