"","Df","F value","Pr(>F)"
"group",3,0.445378774182658,0.721554286982145
" ",54,NA,NA
