,Variable,W.value,P.value
DIAMETER.W,DIAMETER,0.808899773443481,3.23046416538305e-07
HEIGHT.W,HEIGHT,0.939095906747858,0.00591839439394827
NO.LEAVES.W,NO.LEAVES,0.922295250010073,0.0011787808685773
